ciudad,poblacion,superficie_km2,renta_media,pib_per_capita,densidad_hab_km2
barcelona,1636962,100.63,32400,36800,16267.137036668986
madrid,3334371,662.3000000000001,31500,34200,5034.532689113694
mallorca,796038,3640.11,28900,31100,218.68514962459926
