Año,Gasto_Millones,Aportacion_PIB_Millones,Porcentaje_Gasto_vs_PIB,Crecimiento_Gasto,Crecimiento_PIB
2021,91735.1,95993.0,95.56436406821331,,
2022,146354.5,157216.0,93.09135202523916,59.540350422030386,63.778608856895815
