ciudad,poblacion_total,superficie_km2,hogares,fuente,densidad_hab_km2
madrid,3280000,604.3,1420000,Referencia,5427.76766506702
barcelona,1640000,101.4,780000,Referencia,16173.570019723866
mallorca,900000,3640.11,375000,Referencia,247.2452755548596
